Wr60,PP50,P15,P50
LOC112042799,LOC112042854,LOC112042853,LOC112042854
LOC112042809,LOC112042858,LOC112042894,LOC112042858
LOC112042854,LOC112042894,LOC112042895,LOC112042907
LOC112042858,LOC112042919,LOC112042919,LOC112042935
LOC112042894,LOC112042935,LOC112042935,LOC112042951
LOC112042897,LOC112043028,LOC112043011,LOC112043011
LOC112042919,LOC112043045,LOC112043045,LOC112043015
LOC112042935,LOC112043096,LOC112043124,LOC112043036
LOC112042951,LOC112043134,LOC112043143,LOC112043143
LOC112043011,LOC112043143,LOC112043205,LOC112043147
LOC112043022,LOC112043155,LOC112043252,LOC112043159
LOC112043028,LOC112043159,LOC112043271,LOC112043175
LOC112043032,LOC112043184,LOC112043298,LOC112043271
LOC112043045,LOC112043224,LOC112043322,LOC112043272
LOC112043134,LOC112043271,LOC112043342,LOC112043298
LOC112043136,LOC112043298,LOC112043407,LOC112043299
LOC112043143,LOC112043311,LOC112043428,LOC112043310
LOC112043205,LOC112043332,LOC112043473,LOC112043322
LOC112043268,LOC112043377,LOC112043533,LOC112043386
LOC112043271,LOC112043386,LOC112043549,LOC112043441
LOC112043293,LOC112043407,LOC112043629,LOC112043483
LOC112043295,LOC112043411,LOC112043641,LOC112043486
LOC112043296,LOC112043497,LOC112043653,LOC112043517
LOC112043298,LOC112043515,LOC112043669,LOC112043624
LOC112043299,LOC112043605,LOC112043734,LOC112043638
LOC112043309,LOC112043669,LOC112043773,LOC112043669
LOC112043311,LOC112043675,LOC112043776,LOC112043674
LOC112043381,LOC112043718,LOC112043790,LOC112043675
LOC112043411,LOC112043737,LOC112043798,LOC112043700
LOC112043428,LOC112043746,LOC112043851,LOC112043718
LOC112043441,LOC112043781,LOC112043853,LOC112043737
LOC112043473,LOC112043798,LOC112043856,LOC112043759
LOC112043493,LOC112043800,LOC112043861,LOC112043768
LOC112043497,LOC112043822,LOC112043877,LOC112043773
LOC112043510,LOC112043847,LOC112043925,LOC112043781
LOC112043515,LOC112043851,LOC112043926,LOC112043806
LOC112043517,LOC112043853,LOC112043932,LOC112043829
LOC112043533,LOC112043861,LOC112043934,LOC112043847
LOC112043538,LOC112043911,LOC112043935,LOC112043851
LOC112043549,LOC112043957,LOC112044045,LOC112043853
LOC112043556,LOC112044052,LOC112044052,LOC112043861
LOC112043577,LOC112044076,LOC112044076,LOC112043862
LOC112043609,LOC112044077,LOC112044077,LOC112043877
LOC112043612,LOC112044084,LOC112044080,LOC112043925
LOC112043669,LOC112044097,LOC112044097,LOC112043935
LOC112043675,LOC112044124,LOC112044100,LOC112044029
LOC112043682,LOC112044142,LOC112044280,LOC112044032
LOC112043734,LOC112044157,LOC112044316,LOC112044045
LOC112043737,LOC112044247,LOC112044349,LOC112044055
LOC112043756,LOC112044270,LOC112044357,LOC112044076
LOC112043776,LOC112044311,LOC112044395,LOC112044077
LOC112043798,LOC112044333,LOC112044440,LOC112044080
LOC112043800,LOC112044346,LOC112044442,LOC112044097
LOC112043851,LOC112044395,LOC112044451,LOC112044138
LOC112043853,LOC112044438,LOC112044454,LOC112044157
LOC112043859,LOC112044453,LOC112044504,LOC112044248
LOC112043866,LOC112044454,LOC112044590,LOC112044270
LOC112043877,LOC112044486,LOC112044618,LOC112044298
LOC112043905,LOC112044496,LOC112044658,LOC112044316
LOC112043911,LOC112044502,LOC112044663,LOC112044342
LOC112043920,LOC112044505,LOC112044700,LOC112044346
LOC112043925,LOC112044620,LOC112044733,LOC112044357
LOC112043932,LOC112044645,LOC112044745,LOC112044422
LOC112043933,LOC112044658,LOC112044750,LOC112044442
LOC112043985,LOC112044712,LOC112044795,LOC112044453
LOC112044000,LOC112044751,LOC112044839,LOC112044496
LOC112044045,LOC112044786,LOC112044859,LOC112044504
LOC112044055,LOC112044795,LOC112044884,LOC112044517
LOC112044084,LOC112044859,LOC112044894,LOC112044603
LOC112044118,LOC112044884,LOC112044923,LOC112044629
LOC112044124,LOC112044894,LOC112044961,LOC112044649
LOC112044280,LOC112044923,LOC112045055,LOC112044658
LOC112044311,LOC112044926,LOC112045184,LOC112044771
LOC112044346,LOC112044961,LOC112045305,LOC112044805
LOC112044349,LOC112044972,LOC112045388,LOC112044839
LOC112044368,LOC112045025,LOC112045475,LOC112044926
LOC112044373,LOC112045075,LOC112045501,LOC112044951
LOC112044395,LOC112045098,LOC112045528,LOC112045025
LOC112044442,LOC112045119,LOC112045555,LOC112045064
LOC112044453,LOC112045145,LOC112045576,LOC112045075
LOC112044454,LOC112045217,LOC112045640,LOC112045098
LOC112044486,LOC112045232,LOC112045658,LOC112045119
LOC112044502,LOC112045273,LOC112045662,LOC112045194
LOC112044590,LOC112045287,LOC112045687,LOC112045222
LOC112044614,LOC112045305,LOC112045704,LOC112045227
LOC112044654,LOC112045384,LOC112045707,LOC112045273
LOC112044658,LOC112045428,LOC112045726,LOC112045305
LOC112044663,LOC112045475,LOC112045740,LOC112045319
LOC112044702,LOC112045508,LOC112045793,LOC112045367
LOC112044712,LOC112045528,LOC112045809,LOC112045369
LOC112044740,LOC112045572,LOC112045812,LOC112045428
LOC112044745,LOC112045576,LOC112045850,LOC112045455
LOC112044786,LOC112045692,LOC112045908,LOC112045475
LOC112044805,LOC112045706,LOC112045909,LOC112045495
LOC112044824,LOC112045759,LOC112045942,LOC112045528
LOC112044859,LOC112045796,LOC112045952,LOC112045559
LOC112044884,LOC112045818,LOC112045957,LOC112045646
LOC112044894,LOC112045821,LOC112045975,LOC112045656
LOC112044926,LOC112045825,LOC112045981,LOC112045706
LOC112044961,LOC112045911,LOC112046058,LOC112045707
LOC112045025,LOC112045921,LOC112046069,LOC112045726
LOC112045055,LOC112045940,LOC112046139,LOC112045809
LOC112045064,LOC112045942,LOC112046146,LOC112045836
LOC112045075,LOC112045951,LOC112046157,LOC112045902
LOC112045086,LOC112045981,LOC112046190,LOC112045911
LOC112045098,LOC112046029,LOC112046203,LOC112045920
LOC112045119,LOC112046036,LOC112046205,LOC112045923
LOC112045257,LOC112046073,LOC112046339,LOC112045926
LOC112045271,LOC112046091,LOC112046380,LOC112045952
LOC112045273,LOC112046094,LOC112046415,LOC112045975
LOC112045278,LOC112046157,LOC112046441,LOC112046036
LOC112045305,LOC112046205,LOC112046466,LOC112046053
LOC112045345,LOC112046207,LOC112046481,LOC112046070
LOC112045348,LOC112046226,LOC112046487,LOC112046094
LOC112045354,LOC112046292,LOC112046504,LOC112046101
LOC112045384,LOC112046332,LOC112046528,LOC112046122
LOC112045428,LOC112046335,LOC112046576,LOC112046157
LOC112045470,LOC112046415,LOC112046614,LOC112046172
LOC112045475,LOC112046440,LOC112046629,LOC112046173
LOC112045504,LOC112046464,LOC112046661,LOC112046196
LOC112045508,LOC112046466,LOC112046669,LOC112046215
LOC112045528,LOC112046504,LOC112046693,LOC112046230
LOC112045549,LOC112046522,LOC112046705,LOC112046259
LOC112045572,LOC112046526,LOC112046714,LOC112046415
LOC112045580,LOC112046560,LOC112046718,LOC112046440
LOC112045646,LOC112046576,LOC112046720,LOC112046464
LOC112045665,LOC112046577,LOC112046732,LOC112046466
LOC112045682,LOC112046593,LOC112046776,LOC112046468
LOC112045692,LOC112046606,LOC112046777,LOC112046473
LOC112045707,LOC112046614,LOC112046832,LOC112046474
LOC112045800,LOC112046662,LOC112046846,LOC112046477
LOC112045803,LOC112046693,LOC112046876,LOC112046481
LOC112045804,LOC112046714,LOC112046878,LOC112046491
LOC112045809,LOC112046718,LOC112046885,LOC112046502
LOC112045818,LOC112046720,LOC112046886,LOC112046535
LOC112045825,LOC112046732,LOC112046887,LOC112046593
LOC112045861,LOC112046734,LOC112046893,LOC112046614
LOC112045902,LOC112046776,LOC112046965,LOC112046634
LOC112045911,LOC112046777,LOC112046979,LOC112046693
LOC112045942,LOC112046842,LOC112047001,LOC112046700
LOC112045945,LOC112046844,LOC112047044,LOC112046714
LOC112045975,LOC112046874,LOC112047068,LOC112046720
LOC112046036,LOC112046878,LOC112047072,LOC112046735
LOC112046041,LOC112046885,LOC112047227,LOC112046755
LOC112046050,LOC112046886,LOC112047239,LOC112046777
LOC112046083,LOC112046887,LOC112047254,LOC112046784
LOC112046090,LOC112046902,LOC112047260,LOC112046842
LOC112046094,LOC112046929,LOC112047321,LOC112046876
LOC112046108,LOC112046979,LOC112047355,LOC112046886
LOC112046139,LOC112046992,LOC112047356,LOC112046887
LOC112046157,LOC112046993,LOC112047441,LOC112046894
LOC112046161,LOC112047020,LOC112047449,LOC112046897
LOC112046230,LOC112047021,LOC112047462,LOC112046902
LOC112046233,LOC112047033,LOC112047485,LOC112046979
LOC112046236,LOC112047036,LOC112047494,LOC112047017
LOC112046292,LOC112047113,LOC112047533,LOC112047072
LOC112046298,LOC112047120,LOC112047541,LOC112047113
LOC112046339,LOC112047231,LOC112047593,LOC112047119
LOC112046370,LOC112047257,LOC112047618,LOC112047152
LOC112046415,LOC112047258,LOC112047740,LOC112047205
LOC112046459,LOC112047286,LOC112047755,LOC112047254
LOC112046464,LOC112047309,LOC112047770,LOC112047257
LOC112046468,LOC112047321,LOC112047793,LOC112047279
LOC112046504,LOC112047355,LOC112047796,LOC112047321
LOC112046526,LOC112047366,LOC112047808,LOC112047356
LOC112046528,LOC112047383,LOC112047914,LOC112047434
LOC112046572,LOC112047417,LOC112047969,LOC112047449
LOC112046576,LOC112047418,LOC112047984,LOC112047485
LOC112046577,LOC112047434,LOC112048047,LOC112047533
LOC112046593,LOC112047441,LOC112048068,LOC112047571
LOC112046598,LOC112047462,LOC112048087,LOC112047618
LOC112046614,LOC112047476,LOC112048127,LOC112047632
LOC112046636,LOC112047485,LOC112048138,LOC112047686
LOC112046638,LOC112047494,LOC112048140,LOC112047691
LOC112046641,LOC112047508,LOC112048149,LOC112047743
LOC112046662,LOC112047512,LOC112048179,LOC112047767
LOC112046692,LOC112047520,LOC112048189,LOC112047770
LOC112046697,LOC112047533,LOC112048221,LOC112047835
LOC112046714,LOC112047611,LOC112048234,LOC112047849
LOC112046718,LOC112047612,LOC112048240,LOC112047865
LOC112046720,LOC112047618,LOC112048265,LOC112047899
LOC112046721,LOC112047632,LOC112048290,LOC112047909
LOC112046732,LOC112047807,LOC112048366,LOC112047975
LOC112046734,LOC112047808,LOC112048379,LOC112048035
LOC112046755,LOC112047818,LOC112048387,LOC112048046
LOC112046776,LOC112047844,LOC112048434,LOC112048050
LOC112046777,LOC112047876,LOC112048440,LOC112048068
LOC112046796,LOC112047914,LOC112048475,LOC112048131
LOC112046842,LOC112047975,LOC112048480,LOC112048135
LOC112046856,LOC112048035,LOC112048503,LOC112048138
LOC112046859,LOC112048050,LOC112048504,LOC112048149
LOC112046874,LOC112048087,LOC112048517,LOC112048173
LOC112046878,LOC112048127,LOC112048533,LOC112048174
LOC112046886,LOC112048135,LOC112048537,LOC112048179
LOC112046888,LOC112048138,LOC112048544,LOC112048194
LOC112046893,LOC112048155,LOC112048588,LOC112048203
LOC112046894,LOC112048189,LOC112048594,LOC112048262
LOC112046898,LOC112048194,LOC112048610,LOC112048265
LOC112047020,LOC112048202,LOC112048640,LOC112048290
LOC112047021,LOC112048203,LOC112048697,LOC112048291
LOC112047068,LOC112048213,LOC112048821,LOC112048371
LOC112047070,LOC112048265,LOC112048826,LOC112048434
LOC112047072,LOC112048291,LOC112048863,LOC112048480
LOC112047113,LOC112048330,LOC112048866,LOC112048503
LOC112047120,LOC112048342,LOC112048969,LOC112048511
LOC112047134,LOC112048373,LOC112049052,LOC112048517
LOC112047140,LOC112048433,LOC112049061,LOC112048557
LOC112047192,LOC112048477,LOC112049074,LOC112048584
LOC112047220,LOC112048480,LOC112049107,LOC112048640
LOC112047227,LOC112048503,LOC112049111,LOC112048693
LOC112047231,LOC112048533,LOC112049141,LOC112048778
LOC112047257,LOC112048542,LOC112049142,LOC112048780
LOC112047291,LOC112048544,LOC112049170,LOC112048787
LOC112047309,LOC112048594,LOC112049178,LOC112049003
LOC112047321,LOC112048609,LOC112049207,LOC112049052
LOC112047328,LOC112048610,LOC112049214,LOC112049117
LOC112047355,LOC112048640,LOC112049219,LOC112049140
LOC112047356,LOC112048697,LOC112049248,LOC112049151
LOC112047366,LOC112048704,LOC112049286,LOC112049214
LOC112047383,LOC112048717,LOC112049338,LOC112049219
LOC112047386,LOC112048780,LOC112049390,LOC112049338
LOC112047434,LOC112048787,LOC112049399,LOC112049344
LOC112047441,LOC112048826,LOC112049404,LOC112049404
LOC112047449,LOC112048954,LOC112049437,LOC112049412
LOC112047536,LOC112049016,LOC112049443,LOC112049503
LOC112047541,LOC112049052,LOC112049491,LOC112049557
LOC112047612,LOC112049074,LOC112049503,LOC112049613
LOC112047632,LOC112049101,LOC112049548,LOC112049639
LOC112047654,LOC112049111,LOC112049557,LOC112049654
LOC112047738,LOC112049142,LOC112049566,LOC112049701
LOC112047755,LOC112049214,LOC112049569,LOC112049762
LOC112047770,LOC112049226,LOC112049588,LOC112049842
LOC112047793,LOC112049246,LOC112049613,LOC112049870
LOC112047797,LOC112049338,LOC112049619,LOC112049882
LOC112047820,LOC112049344,LOC112049687,LOC112049925
LOC112047879,LOC112049399,LOC112049701,LOC112049929
LOC112047941,LOC112049487,LOC112049719,LOC112049937
LOC112047975,LOC112049491,LOC112049759,LOC112049957
LOC112048014,LOC112049503,LOC112049762,LOC112049969
LOC112048035,LOC112049566,LOC112049790,LOC112049978
LOC112048046,LOC112049586,LOC112049828,LOC112049982
LOC112048068,LOC112049588,LOC112049842,LOC112050021
LOC112048087,LOC112049613,LOC112049870,LOC112050028
LOC112048106,LOC112049614,LOC112049893,LOC112050031
LOC112048127,LOC112049630,LOC112049949,LOC112050121
LOC112048135,LOC112049660,LOC112049969,LOC112050130
LOC112048138,LOC112049684,LOC112049993,LOC112050138
LOC112048140,LOC112049701,LOC112050024,LOC112050155
LOC112048155,LOC112049721,LOC112050044,LOC112050166
LOC112048168,LOC112049759,LOC112050047,LOC112050193
LOC112048171,LOC112049779,LOC112050069,LOC112050209
LOC112048173,LOC112049828,LOC112050084,LOC112050214
LOC112048189,LOC112049842,LOC112050109,LOC112050218
LOC112048194,LOC112049845,LOC112050143,LOC112050253
LOC112048202,LOC112049870,LOC112050193,LOC112050297
LOC112048203,LOC112049876,LOC112050199,LOC112050340
LOC112048213,LOC112049929,LOC112050218,LOC112050343
LOC112048221,LOC112049937,LOC112050231,LOC112050384
LOC112048240,LOC112049949,LOC112050252,LOC112050394
LOC112048256,LOC112049977,LOC112050253,LOC112050405
LOC112048265,LOC112050002,LOC112050295,LOC112050417
LOC112048290,LOC112050003,LOC112050343,LOC112050490
LOC112048371,LOC112050024,LOC112050351,LOC112050534
LOC112048373,LOC112050044,LOC112050384,LOC112050692
LOC112048391,LOC112050048,LOC112050417,LOC112050729
LOC112048410,LOC112050094,LOC112050425,LOC112050746
LOC112048434,LOC112050107,LOC112050431,LOC112050770
LOC112048475,LOC112050114,LOC112050604,LOC112050844
LOC112048503,LOC112050124,LOC112050612,LOC112050847
LOC112048544,LOC112050138,LOC112050648,LOC112050895
LOC112048557,LOC112050199,LOC112050676,LOC112050902
LOC112048594,LOC112050223,LOC112050679,LOC112050929
LOC112048609,LOC112050252,LOC112050705,LOC112050969
LOC112048610,LOC112050340,LOC112050729,LOC112051030
LOC112048640,LOC112050343,LOC112050737,LOC112051088
LOC112048663,LOC112050345,LOC112050770,LOC112051132
LOC112048676,LOC112050384,LOC112050771,LOC112051133
LOC112048693,LOC112050410,LOC112050796,LOC112051164
LOC112048729,LOC112050412,LOC112050816,LOC112051181
LOC112048799,LOC112050417,LOC112050825,LOC112051193
LOC112048805,LOC112050485,LOC112050846,LOC112051208
LOC112048824,LOC112050499,LOC112050878,LOC112051221
LOC112048851,LOC112050519,LOC112050895,LOC112051245
LOC112048859,LOC112050527,LOC112050902,LOC112051285
LOC112049003,LOC112050534,LOC112051008,LOC112051313
LOC112049040,LOC112050679,LOC112051132,LOC112051355
LOC112049086,LOC112050705,LOC112051133,LOC112051357
LOC112049107,LOC112050825,LOC112051137,LOC112051387
LOC112049108,LOC112050847,LOC112051144,LOC112051403
LOC112049138,LOC112050895,LOC112051151,LOC112051407
LOC112049140,LOC112050902,LOC112051233,LOC112051419
LOC112049142,LOC112050969,LOC112051277,LOC112051425
LOC112049214,LOC112050976,LOC112051279,LOC112051494
LOC112049232,LOC112051020,LOC112051314,LOC112051509
LOC112049246,LOC112051026,LOC112051355,LOC112051523
LOC112049250,LOC112051066,LOC112051357,LOC112051535
LOC112049272,LOC112051132,LOC112051364,LOC112051539
LOC112049294,LOC112051154,LOC112051380,LOC112051555
LOC112049338,LOC112051164,LOC112051386,LOC112051573
LOC112049364,LOC112051181,LOC112051387,LOC112051627
LOC112049404,LOC112051191,LOC112051407,LOC112051684
LOC112049487,LOC112051208,LOC112051409,LOC112051691
LOC112049557,LOC112051221,LOC112051410,LOC112051744
LOC112049566,LOC112051234,LOC112051425,LOC112051765
LOC112049586,LOC112051272,LOC112051433,LOC112051796
LOC112049588,LOC112051279,LOC112051453,LOC112051862
LOC112049613,LOC112051327,LOC112051465,LOC112051874
LOC112049622,LOC112051357,LOC112051468,LOC112051879
LOC112049632,LOC112051386,LOC112051523,LOC112051923
LOC112049645,LOC112051407,LOC112051554,LOC112052001
LOC112049660,LOC112051433,LOC112051626,LOC112052019
LOC112049684,LOC112051454,LOC112051627,LOC112052042
LOC112049701,LOC112051494,LOC112051684,LOC112052043
LOC112049842,LOC112051506,LOC112051691,LOC112052058
LOC112049870,LOC112051523,LOC112051719,LOC112052082
LOC112049882,LOC112051526,LOC112051744,LOC112052088
LOC112049905,LOC112051539,LOC112051756,LOC112052126
LOC112049949,LOC112051554,LOC112051765,LOC112052130
LOC112049969,LOC112051558,LOC112051828,LOC112052136
LOC112049977,LOC112051626,LOC112051862,LOC112052147
LOC112049987,LOC112051636,LOC112051879,LOC112052160
LOC112049995,LOC112051655,LOC112051888,LOC112052166
LOC112050002,LOC112051684,LOC112051946,LOC112052225
LOC112050024,LOC112051719,LOC112051951,LOC112052254
LOC112050028,LOC112051765,LOC112051963,LOC112052274
LOC112050035,LOC112051822,LOC112051964,LOC112052325
LOC112050044,LOC112051828,LOC112051967,LOC112052331
LOC112050047,LOC112051830,LOC112051969,LOC112052337
LOC112050048,LOC112051879,LOC112051972,LOC112052373
LOC112050083,LOC112051884,LOC112051973,LOC112052375
LOC112050084,LOC112051888,LOC112052001,LOC112052388
LOC112050199,LOC112051905,LOC112052043,LOC112052396
LOC112050253,LOC112051946,LOC112052048,LOC112052411
LOC112050261,LOC112051951,LOC112052141,LOC112052437
LOC112050264,LOC112051953,LOC112052165,LOC112052504
LOC112050343,LOC112052001,LOC112052166,LOC112052505
LOC112050344,LOC112052026,LOC112052245,LOC112052526
LOC112050384,LOC112052044,LOC112052274,LOC112052576
LOC112050417,LOC112052060,LOC112052289,LOC112052587
LOC112050431,LOC112052082,LOC112052325,LOC112052598
LOC112050485,LOC112052135,LOC112052337,LOC112052606
LOC112050499,LOC112052136,LOC112052347,LOC112052615
LOC112050504,LOC112052141,LOC112052388,LOC112052627
LOC112050509,LOC112052145,LOC112052395,LOC112052647
LOC112050521,LOC112052165,LOC112052396,LOC112052674
LOC112050534,LOC112052166,LOC112052436,LOC112052778
LOC112050572,LOC112052180,LOC112052437,LOC112052847
LOC112050679,LOC112052202,LOC112052460,LOC112052849
LOC112050689,LOC112052272,LOC112052559,LOC112052867
LOC112050705,LOC112052274,LOC112052567,LOC112052880
LOC112050729,LOC112052289,LOC112052587,LOC112052881
LOC112050737,LOC112052325,LOC112052591,LOC112053016
LOC112050895,LOC112052337,LOC112052601,LOC112053070
LOC112050902,LOC112052382,LOC112052608,LOC112053074
LOC112050961,LOC112052404,LOC112052647,LOC112053159
LOC112050967,LOC112052411,LOC112052674,LOC112053170
LOC112050969,LOC112052437,LOC112052747,LOC112053199
LOC112050976,LOC112052504,LOC112052839,LOC112053291
LOC112050980,LOC112052566,LOC112052867,LOC112053294
LOC112051025,LOC112052594,LOC112052870,LOC112053300
LOC112051118,LOC112052608,LOC112052880,LOC112053308
LOC112051121,LOC112052627,LOC112053022,LOC112053324
LOC112051181,LOC112052636,LOC112053034,LOC112053364
LOC112051193,LOC112052742,LOC112053060,LOC112053366
LOC112051208,LOC112052778,LOC112053123,LOC112053375
LOC112051215,LOC112052860,LOC112053154,LOC112053441
LOC112051221,LOC112052990,LOC112053155,LOC112053443
LOC112051233,LOC112053002,LOC112053170,LOC112053444
LOC112051234,LOC112053016,LOC112053199,LOC112053492
LOC112051245,LOC112053036,LOC112053211,LOC112053574
LOC112051272,LOC112053060,LOC112053231,LOC112053596
LOC112051279,LOC112053070,LOC112053265,LOC112053614
LOC112051313,LOC112053078,LOC112053274,LOC112053646
LOC112051314,LOC112053155,LOC112053282,LOC112053704
LOC112051327,LOC112053170,LOC112053291,LOC112053720
LOC112051357,LOC112053171,LOC112053300,LOC112053740
LOC112051386,LOC112053190,LOC112053302,LOC112053753
LOC112051403,LOC112053199,LOC112053308,LOC112053871
LOC112051407,LOC112053231,LOC112053324,LOC112053895
LOC112051419,LOC112053273,LOC112053333,LOC112053903
LOC112051433,LOC112053308,LOC112053364,LOC112053917
LOC112051454,LOC112053333,LOC112053371,LOC112053935
LOC112051494,LOC112053362,LOC112053375,LOC112054048
LOC112051508,LOC112053364,LOC112053424,LOC112054077
LOC112051516,LOC112053375,LOC112053443,LOC112054155
LOC112051523,LOC112053443,LOC112053485,LOC112054188
LOC112051526,LOC112053444,LOC112053525,LOC112054190
LOC112051535,LOC112053485,LOC112053562,LOC112054240
LOC112051539,LOC112053498,LOC112053574,LOC112054266
LOC112051554,LOC112053562,LOC112053596,LOC112054299
LOC112051565,LOC112053596,LOC112053614,LOC112054303
LOC112051626,LOC112053597,LOC112053692,LOC112054313
LOC112051655,LOC112053600,LOC112053698,LOC112054318
LOC112051684,LOC112053614,LOC112053732,LOC112054323
LOC112051719,LOC112053623,LOC112053737,LOC112054339
LOC112051763,LOC112053634,LOC112053742,LOC112054344
LOC112051765,LOC112053646,LOC112053743,LOC112054356
LOC112051822,LOC112053720,LOC112053753,LOC112054363
LOC112051828,LOC112053737,LOC112053798,LOC112054401
LOC112051879,LOC112053753,LOC112053860,LOC112054429
LOC112051888,LOC112053782,LOC112053871,LOC112054442
LOC112051915,LOC112053808,LOC112053874,LOC112054475
LOC112051946,LOC112053824,LOC112053895,LOC112054507
LOC112051951,LOC112053862,LOC112053897,LOC112054590
LOC112051953,LOC112053871,LOC112053898,LOC112054593
LOC112051964,LOC112053872,LOC112053903,LOC112054746
LOC112051967,LOC112053886,LOC112053935,LOC112054834
LOC112051973,LOC112053895,LOC112053936,LOC112054971
LOC112052019,LOC112053917,LOC112053997,LOC112055014
LOC112052042,LOC112053935,LOC112054018,LOC112055035
LOC112052049,LOC112053999,LOC112054036,LOC112055104
LOC112052054,LOC112054077,LOC112054077,LOC112055212
LOC112052082,LOC112054078,LOC112054133,LOC112055302
LOC112052088,LOC112054124,LOC112054150,LOC112055327
LOC112052135,LOC112054138,LOC112054216,LOC112055387
LOC112052136,LOC112054150,LOC112054223,LOC112055393
LOC112052141,LOC112054185,LOC112054224,LOC112055413
LOC112052145,LOC112054210,LOC112054227,LOC112055428
LOC112052147,LOC112054217,LOC112054240,LOC112055445
LOC112052166,LOC112054218,LOC112054260,LOC112055450
LOC112052187,LOC112054224,LOC112054293,LOC112055453
LOC112052202,LOC112054260,LOC112054350,LOC112055481
LOC112052265,LOC112054303,LOC112054387,LOC112055522
LOC112052274,LOC112054344,LOC112054391,LOC112055523
LOC112052282,LOC112054363,LOC112054394,LOC112055541
LOC112052289,LOC112054440,LOC112054414,LOC112055547
LOC112052325,LOC112054441,LOC112054431,LOC112055597
LOC112052331,LOC112054442,LOC112054475,LOC112055642
LOC112052337,LOC112054475,LOC112054514,LOC112055731
LOC112052373,LOC112054590,LOC112054515,LOC112055739
LOC112052382,LOC112054600,LOC112054517,LOC112055764
LOC112052388,LOC112054615,LOC112054561,LOC112055815
LOC112052396,LOC112054727,LOC112054571,LOC112055835
LOC112052437,LOC112054814,LOC112054590,LOC112055863
LOC112052453,LOC112054834,LOC112054600,LOC112055881
LOC112052504,LOC112054836,LOC112054615,LOC112055897
LOC112052515,LOC112054853,LOC112054625,LOC112055996
LOC112052562,LOC112054854,LOC112054724,LOC112056029
LOC112052566,LOC112054858,LOC112054727,LOC112056045
LOC112052571,LOC112054869,LOC112054766,LOC112056072
LOC112052594,LOC112055014,LOC112054767,LOC112056098
LOC112052598,LOC112055201,LOC112054772,LOC112056106
LOC112052599,LOC112055216,LOC112054793,LOC112056170
LOC112052608,LOC112055223,LOC112054814,LOC112056174
LOC112052627,LOC112055277,LOC112054819,LOC112056176
LOC112052636,LOC112055281,LOC112054836,LOC112056296
LOC112052655,LOC112055290,LOC112054858,LOC112056355
LOC112052681,LOC112055327,LOC112054900,LOC112056518
LOC112052742,LOC112055381,LOC112055014,LOC112056544
LOC112052747,LOC112055393,LOC112055035,LOC112056553
LOC112052748,LOC112055407,LOC112055061,LOC112056560
LOC112052778,LOC112055422,LOC112055133,LOC112056645
LOC112052786,LOC112055427,LOC112055290,LOC112056657
LOC112052834,LOC112055428,LOC112055294,LOC112056668
LOC112052839,LOC112055453,LOC112055338,LOC112056775
LOC112052860,LOC112055477,LOC112055393,LOC112056777
LOC112052867,LOC112055487,LOC112055413,LOC112056791
LOC112052997,LOC112055495,LOC112055422,LOC112056839
LOC112053006,LOC112055515,LOC112055427,LOC112056840
LOC112053008,LOC112055545,LOC112055429,LOC112056907
LOC112053022,LOC112055547,LOC112055441,LOC112057017
LOC112053024,LOC112055597,LOC112055455,LOC112057117
LOC112053030,LOC112055603,LOC112055469,LOC112057145
LOC112053036,LOC112055642,LOC112055471,LOC112057294
LOC112053060,LOC112055679,LOC112055476,LOC112057417
LOC112053067,LOC112055740,LOC112055487,LOC112057460
LOC112053097,LOC112055794,LOC112055519,LOC112057549
LOC112053155,LOC112055813,LOC112055556,LOC112057669
LOC112053160,LOC112055815,LOC112055597,LOC112057684
LOC112053170,LOC112055865,LOC112055605,LOC112057718
LOC112053171,LOC112055881,LOC112055667,LOC112057725
LOC112053186,LOC112055942,LOC112055739,LOC112057752
LOC112053188,LOC112055990,LOC112055794,LOC112057754
LOC112053211,LOC112055996,LOC112055797,LOC112057757
LOC112053215,LOC112056026,LOC112055815,LOC112057842
LOC112053231,LOC112056072,LOC112055816,LOC112057845
LOC112053233,LOC112056134,LOC112055826,LOC112057896
LOC112053273,LOC112056170,LOC112055897,LOC112057904
LOC112053281,LOC112056176,LOC112055925,LOC112057974
LOC112053290,LOC112056263,LOC112055942,LOC112057983
LOC112053291,LOC112056309,LOC112055976,LOC112058076
LOC112053300,LOC112056402,LOC112055983,LOC112058079
LOC112053308,LOC112056467,LOC112055996,LOC112058089
LOC112053327,LOC112056515,LOC112056020,LOC112058145
LOC112053333,LOC112056645,LOC112056026,LOC112058156
LOC112053352,LOC112056668,LOC112056031,LOC112058158
LOC112053364,LOC112056774,LOC112056072,LOC112058162
LOC112053375,LOC112056775,LOC112056170,LOC112058164
LOC112053401,LOC112056791,LOC112056173,LOC112058219
LOC112053443,LOC112056823,LOC112056176,LOC112058257
LOC112053444,LOC112056839,LOC112056309,LOC112058262
LOC112053451,LOC112056840,LOC112056355,LOC112058321
LOC112053485,LOC112056845,LOC112056365,LOC112058337
LOC112053498,LOC112056852,LOC112056419,LOC112058361
LOC112053562,LOC112057117,LOC112056438,LOC112058366
LOC112053596,LOC112057145,LOC112056453,LOC112058371
LOC112053610,LOC112057188,LOC112056501,LOC112058378
LOC112053614,LOC112057294,LOC112056518,LOC112058416
LOC112053720,LOC112057672,LOC112056544,LOC112058435
LOC112053737,LOC112057718,LOC112056560,LOC112058472
LOC112053743,LOC112057725,LOC112056672,LOC112058474
LOC112053745,LOC112057727,LOC112056683,LOC112058517
LOC112053752,LOC112057754,LOC112056691,LOC112058518
LOC112053753,LOC112057756,LOC112056714,LOC112058523
LOC112053860,LOC112057904,LOC112056771,LOC112058542
LOC112053862,LOC112058060,LOC112056791,LOC112058550
LOC112053871,LOC112058076,LOC112056812,LOC112058567
LOC112053895,LOC112058078,LOC112056815,LOC112058572
LOC112053897,LOC112058090,LOC112056837,LOC112058573
LOC112053899,LOC112058150,LOC112056839,LOC112058574
LOC112053903,LOC112058156,LOC112056840,LOC112058593
LOC112053917,LOC112058170,LOC112057136,seudogene-24
LOC112053921,LOC112058172,LOC112057165,LOC112043083
LOC112053935,LOC112058174,LOC112057549,LOC112043130
LOC112054035,LOC112058207,LOC112057669,LOC112043199
LOC112054077,LOC112058208,LOC112057672,LOC112043536
LOC112054078,LOC112058245,LOC112057680,LOC112043848
LOC112054150,LOC112058257,LOC112057688,LOC112043870
LOC112054178,LOC112058271,LOC112057694,LOC112044305
LOC112054183,LOC112058277,LOC112057700,LOC112044397
LOC112054210,LOC112058367,LOC112057718,LOC112044457
LOC112054217,LOC112058378,LOC112057752,LOC112044953
LOC112054224,LOC112058415,LOC112057757,LOC112045388
LOC112054227,LOC112058418,LOC112057803,LOC112045908
LOC112054260,LOC112058421,LOC112057842,LOC112046090
LOC112054302,LOC112058428,LOC112057881,LOC112046139
LOC112054303,LOC112058432,LOC112057884,LOC112046205
LOC112054332,LOC112058449,LOC112057891,LOC112046332
LOC112054344,LOC112058474,LOC112057906,LOC112046641
LOC112054403,LOC112058518,LOC112057963,LOC112046662
LOC112054442,LOC112058541,LOC112057979,LOC112046847
LOC112054444,LOC112058542,LOC112057983,LOC112047010
LOC112054469,LOC112058550,LOC112058011,LOC112047276
LOC112054475,LOC112058572,LOC112058024,LOC112047544
LOC112054517,LOC112058574,LOC112058078,LOC112048033
LOC112054531,LOC112058605,LOC112058090,LOC112048171
LOC112054543,LOC112043032,LOC112058105,LOC112048433
LOC112054571,LOC112043130,LOC112058144,LOC112048544
LOC112054590,LOC112043162,LOC112058150,LOC112049026
LOC112054591,LOC112043428,LOC112058154,LOC112049156
LOC112054615,LOC112043601,LOC112058156,LOC112049771
LOC112054617,LOC112044316,LOC112058180,LOC112050044
LOC112054620,LOC112044735,LOC112058277,LOC112050345
LOC112054621,LOC112044870,LOC112058313,LOC112050431
LOC112054660,LOC112045373,LOC112058326,LOC112050643
LOC112054727,LOC112045408,LOC112058369,LOC112050737
LOC112054789,LOC112045793,LOC112058378,LOC112051042
LOC112054798,LOC112045861,LOC112058428,LOC112051559
LOC112054836,LOC112046289,LOC112058466,LOC112051927
LOC112054858,LOC112046641,LOC112058474,LOC112052063
LOC112054862,LOC112046859,LOC112058494,LOC112052101
LOC112054900,LOC112047010,LOC112058539,LOC112052389
LOC112054954,LOC112047079,LOC112058550,LOC112052398
LOC112055014,LOC112047227,LOC112058572,LOC112052630
LOC112055035,LOC112047845,LOC112043130,LOC112052663
LOC112055036,LOC112048033,LOC112043332,LOC112053160
LOC112055070,LOC112048422,LOC112043493,LOC112053282
LOC112055104,LOC112048712,LOC112043601,LOC112053485
LOC112055132,LOC112048791,LOC112043721,LOC112053698
LOC112055154,LOC112048968,LOC112043832,LOC112053743
LOC112055201,LOC112049156,LOC112043930,LOC112054105
LOC112055203,LOC112049175,LOC112043976,LOC112054183
LOC112055216,LOC112049356,LOC112044087,LOC112054291
LOC112055226,LOC112049395,LOC112044712,LOC112054332
LOC112055257,LOC112049619,LOC112045035,LOC112054455
LOC112055277,LOC112049885,LOC112045056,LOC112054492
LOC112055285,LOC112050088,LOC112045911,LOC112054527
LOC112055295,LOC112050303,LOC112046228,LOC112054660
LOC112055319,LOC112050507,LOC112046468,LOC112054721
LOC112055365,LOC112051042,LOC112046626,LOC112054986
LOC112055376,LOC112051472,LOC112047056,LOC112055258
LOC112055387,LOC112051508,LOC112047120,LOC112055277
LOC112055393,LOC112052088,LOC112047231,LOC112055365
LOC112055407,LOC112052118,LOC112047372,LOC112055679
LOC112055427,LOC112052189,LOC112047487,LOC112055873
LOC112055428,LOC112052389,LOC112048194,LOC112056122
LOC112055487,LOC112052436,LOC112048805,LOC112056124
LOC112055491,LOC112052630,LOC112049212,LOC112056134
LOC112055522,LOC112052663,LOC112049382,LOC112056516
LOC112055545,LOC112053030,LOC112050146,LOC112056771
LOC112055556,LOC112053401,LOC112050788,LOC112056804
LOC112055597,LOC112053743,LOC112050999,LOC112056842
LOC112055642,LOC112053819,LOC112051042,LOC112057717
LOC112055679,LOC112053836,LOC112051559,LOC112057939
LOC112055685,LOC112054660,LOC112051732,LOC112058316
LOC112055738,LOC112055789,LOC112052128,LOC112058544
LOC112055794,LOC112055953,LOC112052130,LOC112043538
LOC112055797,LOC112056064,LOC112052191,LOC112049567
LOC112055815,LOC112056418,LOC112052328,LOC112051496
LOC112055816,LOC112056771,LOC112052463,LOC112053811
LOC112055826,LOC112056842,LOC112052630,LOC112055942
LOC112055842,LOC112057407,LOC112053362,LOC112056365
LOC112055865,LOC112057654,LOC112053451,LOC112045889
LOC112055942,LOC112057970,LOC112054011,LOC112046069
LOC112055952,LOC112058326,LOC112054291,LOC112046344
LOC112055976,LOC112058385,LOC112054719,LOC112048310
LOC112055983,LOC112058414,LOC112054721,LOC112048805
LOC112055985,LOC112058469,LOC112054785,LOC112049040
LOC112055990,LOC112043538,LOC112054846,LOC112049318
LOC112055996,LOC112045364,LOC112054942,LOC112051066
LOC112056038,LOC112050806,LOC112055679,LOC112052118
LOC112056045,LOC112051948,LOC112055733,LOC112053529
LOC112056068,LOC112058532,LOC112055953,LOC112054350
LOC112056072,LOC112043606,LOC112056194,LOC112055333
LOC112056098,LOC112048341,LOC112056425,LOC112057891
LOC112056122,LOC112048557,LOC112056842,
LOC112056134,LOC112049040,LOC112057889,
LOC112056170,LOC112051314,LOC112057939,
LOC112056174,LOC112054036,LOC112058414,
LOC112056176,LOC112054469,LOC112045889,
LOC112056296,LOC112056426,LOC112049495,
LOC112056309,LOC112058272,LOC112049567,
LOC112056345,seudogene-47,LOC112050922,
LOC112056402,LOC112051364,LOC112053186,
LOC112056426,LOC112055925,LOC112054492,
LOC112056436,,LOC112054851,
LOC112056445,,LOC112055008,
LOC112056453,,LOC112058532,
LOC112056467,,LOC112043606,
LOC112056476,,LOC112047884,
LOC112056528,,LOC112049745,
LOC112056560,,LOC112050031,
LOC112056585,,LOC112051376,
LOC112056645,,LOC112052860,
LOC112056653,,LOC112055066,
LOC112056673,,LOC112057184,
LOC112056674,,LOC112058469,
LOC112056714,,,
LOC112056771,,,
LOC112056782,,,
LOC112056790,,,
LOC112056791,,,
LOC112056801,,,
LOC112056804,,,
LOC112056839,,,
LOC112056840,,,
LOC112056845,,,
LOC112056907,,,
LOC112056947,,,
LOC112057000,,,
LOC112057021,,,
LOC112057144,,,
LOC112057214,,,
LOC112057407,,,
LOC112057417,,,
LOC112057423,,,
LOC112057456,,,
LOC112057669,,,
LOC112057672,,,
LOC112057702,,,
LOC112057717,,,
LOC112057718,,,
LOC112057725,,,
LOC112057756,,,
LOC112057788,,,
LOC112057834,,,
LOC112057881,,,
LOC112057884,,,
LOC112057890,,,
LOC112057891,,,
LOC112057904,,,
LOC112057975,,,
LOC112057979,,,
LOC112057996,,,
LOC112058001,,,
LOC112058007,,,
LOC112058009,,,
LOC112058011,,,
LOC112058090,,,
LOC112058150,,,
LOC112058156,,,
LOC112058158,,,
LOC112058170,,,
LOC112058236,,,
LOC112058238,,,
LOC112058240,,,
LOC112058255,,,
LOC112058257,,,
LOC112058269,,,
LOC112058277,,,
LOC112058280,,,
LOC112058281,,,
LOC112058302,,,
LOC112058310,,,
LOC112058326,,,
LOC112058352,,,
LOC112058378,,,
LOC112058415,,,
LOC112058416,,,
LOC112058428,,,
LOC112058435,,,
LOC112058449,,,
LOC112058466,,,
LOC112058474,,,
LOC112058539,,,
LOC112058542,,,
LOC112058550,,,
LOC112058557,,,
LOC112058572,,,
LOC112058574,,,
LOC112058593,,,
LOC112058605,,,
LOC112058620,,,
seudogene-15,,,
seudogene-24,,,
LOC112043674,,,
LOC112043913,,,
LOC112043976,,,
LOC112044088,,,
LOC112044410,,,
LOC112044533,,,
LOC112044790,,,
LOC112044919,,,
LOC112044972,,,
LOC112045808,,,
LOC112045908,,,
LOC112045940,,,
LOC112045944,,,
LOC112046335,,,
LOC112046487,,,
LOC112046822,,,
LOC112047056,,,
LOC112047079,,,
LOC112047122,,,
LOC112047414,,,
LOC112047418,,,
LOC112047596,,,
LOC112047806,,,
LOC112048459,,,
LOC112048710,,,
LOC112048968,,,
LOC112049156,,,
LOC112049271,,,
LOC112049395,,,
LOC112049503,,,
LOC112049885,,,
LOC112049997,,,
LOC112050059,,,
LOC112050646,,,
LOC112050805,,,
LOC112050999,,,
LOC112051026,,,
LOC112051042,,,
LOC112051154,,,
LOC112051286,,,
LOC112051802,,,
LOC112051948,,,
LOC112051988,,,
LOC112052131,,,
LOC112052630,,,
LOC112052663,,,
LOC112053070,,,
LOC112053106,,,
LOC112053247,,,
LOC112053523,,,
LOC112053845,,,
LOC112054017,,,
LOC112054036,,,
LOC112054064,,,
LOC112054067,,,
LOC112054236,,,
LOC112054275,,,
LOC112054291,,,
LOC112054814,,,
LOC112055066,,,
LOC112055129,,,
LOC112055223,,,
LOC112055925,,,
LOC112055953,,,
LOC112055967,,,
LOC112056194,,,
LOC112056660,,,
LOC112056842,,,
LOC112056852,,,
LOC112057301,,,
LOC112057705,,,
LOC112044457,,,
LOC112045364,,,
LOC112048712,,,
LOC112049495,,,
LOC112054455,,,
LOC112056125,,,
LOC112057887,,,
LOC112058532,,,
LOC112044261,,,
LOC112046254,,,
LOC112047286,,,
LOC112048263,,,
LOC112049745,,,
LOC112051066,,,
LOC112056668,,,
LOC112057706,,,
LOC112058469,,,
LOC112055681,,,